labels,image_id,bbox_path
{},37603091@N02_3832037528_39.353314_-100.441957.jpg,out/bbox_37603091@N02_3832037528_39.353314_-100.441957.jpg
{1: 1},87241269@N00_5899780476_39.120000_-100.810000.jpg,out/bbox_87241269@N00_5899780476_39.120000_-100.810000.jpg
{},40973017@N00_4144507438_39.355048_-100.173141.jpg,out/bbox_40973017@N00_4144507438_39.355048_-100.173141.jpg
{9: 1},97785792@N00_6592534591_39.797153_-100.389332.jpg,out/bbox_97785792@N00_6592534591_39.797153_-100.389332.jpg
{},46464941@N07_7025078713_39.111585_-100.363358.jpg,out/bbox_46464941@N07_7025078713_39.111585_-100.363358.jpg
